{"loss": [0.6908007264137268, 0.6533985733985901, 0.5972194671630859, 0.5651282668113708, 0.5405880808830261, 0.5151283144950867, 0.48224547505378723, 0.46091464161872864, 0.43588775396347046, 0.410299688577652, 0.38311243057250977, 0.36449602246284485, 0.3430783748626709, 0.31034377217292786, 0.28852415084838867, 0.2610369920730591, 0.24943341314792633, 0.21335077285766602, 0.2138150930404663, 0.17746394872665405, 0.156785249710083, 0.14289088547229767, 0.12765169143676758, 0.10188094526529312, 0.10138105601072311, 0.07788663357496262, 0.07814853638410568, 0.0654112920165062, 0.048025794327259064, 0.04136866703629494], "accuracy": [0.5299999713897705, 0.6294999718666077, 0.6794999837875366, 0.703499972820282, 0.7315000295639038, 0.7425000071525574, 0.7634999752044678, 0.7825000286102295, 0.796500027179718, 0.815500020980835, 0.8299999833106995, 0.8349999785423279, 0.8485000133514404, 0.871999979019165, 0.8820000290870667, 0.8960000276565552, 0.8985000252723694, 0.9160000085830688, 0.921500027179718, 0.9350000023841858, 0.9430000185966492, 0.9490000009536743, 0.9624999761581421, 0.9670000076293945, 0.9649999737739563, 0.9779999852180481, 0.9769999980926514, 0.9785000085830688, 0.9879999756813049, 0.9900000095367432], "val_loss": [0.6744956374168396, 0.6138829588890076, 0.5934833288192749, 0.526118278503418, 0.5047670602798462, 0.476998895406723, 0.4431648254394531, 0.4207403361797333, 0.3674336373806, 0.3575047254562378, 0.33366847038269043, 0.31006136536598206, 0.32440924644470215, 0.2855739891529083, 0.2740456461906433, 0.2034468650817871, 0.20406678318977356, 0.17783497273921967, 0.16023394465446472, 0.1388925015926361, 0.13755308091640472, 0.10149580240249634, 0.08757591247558594, 0.09048327058553696, 0.12064771354198456, 0.36674851179122925, 0.03386025130748749, 0.04015904292464256, 0.044703543186187744, 0.08523059636354446], "val_accuracy": [0.6069999933242798, 0.6819999814033508, 0.6690000295639038, 0.7570000290870667, 0.7440000176429749, 0.781000018119812, 0.7940000295639038, 0.8220000267028809, 0.8629999756813049, 0.8479999899864197, 0.8679999709129333, 0.8820000290870667, 0.8569999933242798, 0.8769999742507935, 0.8920000195503235, 0.9350000023841858, 0.9259999990463257, 0.9350000023841858, 0.949999988079071, 0.9660000205039978, 0.953000009059906, 0.968999981880188, 0.9779999852180481, 0.9779999852180481, 0.9539999961853027, 0.8190000057220459, 0.996999979019165, 0.9959999918937683, 0.9890000224113464, 0.9649999737739563]}